{
  "v1_train": {
    "precision": 0.6666666666666666,
    "recall": 0.3888888888888889,
    "f1": 0.49122807017543857,
    "accuracy": 0.42,
    "tp": 14,
    "fp": 7,
    "tn": 7,
    "fn": 22
  },
  "v2_train": {
    "precision": 0.7727272727272727,
    "recall": 0.9444444444444444,
    "f1": 0.85,
    "accuracy": 0.76,
    "tp": 34,
    "fp": 10,
    "tn": 4,
    "fn": 2
  },
  "v1_test": {
    "precision": 0.8333333333333334,
    "recall": 0.38461538461538464,
    "f1": 0.5263157894736842,
    "accuracy": 0.4,
    "tp": 5,
    "fp": 1,
    "tn": 1,
    "fn": 8
  },
  "v2_test": {
    "precision": 0.8461538461538461,
    "recall": 0.8461538461538461,
    "f1": 0.8461538461538461,
    "accuracy": 0.7333333333333333,
    "tp": 11,
    "fp": 2,
    "tn": 0,
    "fn": 2
  },
  "v1_params": 70947,
  "v2_params": 1694643
}