{
  "logreg_entropy": {
    "accuracy": 0.5263109510140522,
    "precision": 0.5297472274767256,
    "recall": 0.4823357773455035,
    "f1": 0.5040089174436592,
    "auc_roc": 0.5349292087147225,
    "pr_auc": 0.5373597808887771
  },
  "logreg_selected": {
    "accuracy": 0.5091630551021556,
    "precision": 0.5101650069447009,
    "recall": 0.48102648511147683,
    "f1": 0.49498151141934416,
    "auc_roc": 0.5113678236786131,
    "pr_auc": 0.5153722751616687
  },
  "logreg_all24": {
    "accuracy": 0.49386503067484666,
    "precision": 0.49337525426380846,
    "recall": 0.48830614993266497,
    "f1": 0.4907203683311237,
    "auc_roc": 0.49130382097603204,
    "pr_auc": 0.4916498726553981
  },
  "mlp_selected": {
    "accuracy": 0.4914166713570102,
    "precision": 0.49087764121350375,
    "recall": 0.4430121203052521,
    "f1": 0.4648055096705964,
    "auc_roc": 0.49443685057498704,
    "pr_auc": 0.49824930383448685
  },
  "mlp_all24": {
    "accuracy": 0.46204574023001443,
    "precision": 0.4613771975083246,
    "recall": 0.4772407601376627,
    "f1": 0.4683874051067078,
    "auc_roc": 0.45763435564462157,
    "pr_auc": 0.4689696313317736
  }
}