{
  "indomain_1000": {
    "logit": {
      "auc": 0.7015111111111111,
      "pr_auc": 0.690425417727513
    },
    "nli": {
      "auc": 0.6766222222222223,
      "pr_auc": 0.6297864426459306
    },
    "hybrid": {
      "auc": 0.7086074074074075,
      "pr_auc": 0.6821899664444017
    }
  },
  "indomain_5000": {
    "logit": {
      "auc": 0.6861617777777779,
      "pr_auc": 0.6678291773736554
    },
    "nli": {
      "auc": 0.7350482962962963,
      "pr_auc": 0.7045683296029183
    },
    "hybrid": {
      "auc": 0.7404811851851852,
      "pr_auc": 0.7088559765367098
    }
  },
  "indomain_10000": {
    "logit": {
      "auc": 0.7019345185185185,
      "pr_auc": 0.6793873221019112
    },
    "nli": {
      "auc": 0.7445192592592593,
      "pr_auc": 0.7120853584329132
    },
    "hybrid": {
      "auc": 0.7537032592592592,
      "pr_auc": 0.7198605507135886
    }
  },
  "indomain_50000": {
    "logit": {
      "auc": 0.6975218666666666,
      "pr_auc": 0.6732899465772818
    },
    "nli": {
      "auc": 0.7323268088888888,
      "pr_auc": 0.6999530944912147
    },
    "hybrid": {
      "auc": 0.742930868148148,
      "pr_auc": 0.7078536099683316
    }
  },
  "indomain_100000": {
    "logit": {
      "auc": 0.6975839362962963,
      "pr_auc": 0.6747138656819764
    },
    "nli": {
      "auc": 0.7306354874074074,
      "pr_auc": 0.6961634341344699
    },
    "hybrid": {
      "auc": 0.7424829407407407,
      "pr_auc": 0.707480642331752
    }
  },
  "crossdomain_Logit CD": {
    "auc": 0.80551374,
    "pr_auc": 0.813241778364796
  },
  "crossdomain_NLI CD": {
    "auc": 0.9650407900000002,
    "pr_auc": 0.9667934518836412
  },
  "crossdomain_Hybrid CD": {
    "auc": 0.9757638700000001,
    "pr_auc": 0.9772307722107983
  }
}