{
  "original_24": {
    "accuracy": 0.49386503067484666,
    "precision": 0.49337525426380846,
    "recall": 0.48830614993266497,
    "f1": 0.4907203683311237,
    "auc_roc": 0.49130382097603204,
    "pr_auc": 0.4916498726553981
  },
  "gb_original_24": {
    "accuracy": 0.3426915067259526,
    "precision": 0.3503724002570668,
    "recall": 0.37205596289091725,
    "f1": 0.3604452844642253,
    "auc_roc": 0.2738668942073515,
    "pr_auc": 0.3716872256236775
  },
  "logreg_augmented": {
    "accuracy": 0.4889664359017655,
    "precision": 0.4878134136401534,
    "recall": 0.49081250935208737,
    "f1": 0.48906808956722464,
    "auc_roc": 0.48448577059823067,
    "pr_auc": 0.4858671642565541
  },
  "gb_augmented": {
    "accuracy": 0.3396390311626424,
    "precision": 0.3471830970959971,
    "recall": 0.3647314080502768,
    "f1": 0.35548189043554684,
    "auc_roc": 0.25686179290186895,
    "pr_auc": 0.3667614027208743
  },
  "mlp_augmented": {
    "accuracy": 0.42837282602577814,
    "precision": 0.429292150505442,
    "recall": 0.43694448600927727,
    "f1": 0.43283959738176037,
    "auc_roc": 0.4309043457027215,
    "pr_auc": 0.45253748052191245
  },
  "gb_top10_augmented": {
    "accuracy": 0.332911202416465,
    "precision": 0.33938368605597685,
    "recall": 0.35254376776896595,
    "f1": 0.34548165464229214,
    "auc_roc": 0.2788187728408956,
    "pr_auc": 0.37765863477107564
  }
}