{
  "experiment": "Hybrid Consistency + NLI",
  "n_samples": 5,
  "max_samples": 200,
  "hybrid_consistency_nli": {
    "accuracy": 0.525,
    "precision": 0.4,
    "recall": 0.23529411764705882,
    "f1": 0.2962962962962963,
    "auc": 0.5754475703324807
  },
  "nli_only": {
    "accuracy": 0.5,
    "precision": 0.38461538461538464,
    "recall": 0.29411764705882354,
    "f1": 0.3333333333333333,
    "auc": 0.5421994884910486
  },
  "feature_importance": {
    "mean_sim": 0.007065914699436976,
    "variance": 0.0,
    "min_sim": 0.0018458538331551744,
    "agreement_rate": 0.0,
    "entailment": 0.35015394078423334,
    "contradiction": 0.34370086959011864,
    "neutral": 0.297233421093056
  },
  "comparison": {
    "consistency_only": 0.526,
    "nli_only": 0.716,
    "hybrid_consistency_logits": 0.526,
    "hybrid_consistency_nli": 0.5754475703324807
  }
}