{
  "nli_auc": 0.7155555555555556,
  "n_samples": 100,
  "elapsed": 304.0033299922943
}